Aayush ,Arora,@angularboy
Alessandro,Volpato,
Alex,Cureton-Griffiths,@opensourceville
Alexander,Bezzubov,@bzz
Amit,Bhattacharya,
Ananya,Maiti,@MaitiAnanyo
Andrew,Lee,
Anu,Mittal,@anu22mittal
Anuvrat,Rao,
Anwesha ,Das,@anweshasrkr
Arnav,Gupta,@championswimmer
Atsushi,Nakatsugawa,@htmlhifive
Avi,Aryan,@aviaryan123
Bandan,Das,
Ben,Sadeghi,@BenSadeghi
Benet,Leong,
Blair,Layton,
bunnie,huang,@chibitronics
Carol,Chen,@cybette
Carsten,Haitzler,
Cendekia,Putra,@cendekiapp
Cheng-Kuan,Ou,
Christian,Couder,@christiancouder
Christina,Geros,@clgeros
Christopher,Lek,
Colin,Charles,@bytebot
Damini Satya,Kammakomati,@Daminisatya
Daniel,Blueman,
Daniel,Korn,
Darin,Lobo,
Dietrich,Ayala,@dietrich
Diky Arga,Anggara,@dikyarga
Ecaterina,Moraru,@evalica
Edwin,Mohammad,@fossasia
Elda,Webb,
Emin,Akşehirli,@EminAksehirli
Estu,Fardani,@tuanpembual
Evgeny,Potemkin,
Felix,Dahmen,
Fengling,Qin,@qinfengling
Ferdian,Thung,
Frank ,Karlitschek,@fkarlitschek
Franklin,Weng,
Gary Evans,William,
Gary,Lin,
Gabriel,Lee,@Gabriel20961862
Gaeun,Kim,@gaeunkim913
Giuseppe,Maxia,@datacharmer
Gopal,Shankar,Oracle
Guruswamy,Revana,@guruswamyrevana
Haggen,So,
Haoyi,Li,@li_haoyi
Harin Nalin,Vadodaria,@harinnv
Harish,Pillay,@harishpillay
Harshit,Dwivedi,@daggerdwivedi
herr,flupke,
James,Lee,
James Joshua,Lim,@akiestar
Jason,Zaman,@perfinion
Jayaditya Gupta,Gupta,@jayssj1
Jens,Petersen,@juhp
Jesper Wisborg,Krogh,
Jigyasa,Grover,@jigyasa_grover
Jimish,Parekh,@jimishio
Julyanto,Sutandang,
June,Zhang,
kathleen,azali,@kathleenazali
Keerthana,Krishnan,@KeerthanaK17
Konrad Willi,Döring,
Kushal,Das,@kushaldas
Lars,Schneider,@kit3bus
Liling,Tan,@alvations
Lionel,Chok,@lionelchok
Lorenz ,Gerber,@GerberLorenz
Lyle,Kozloff,@lkozloff
Madhuri,Peri,@madhuriperi
Manan,Wason,@mananwason
Martin,Andrews,
Masakazu,Takasu,@tks
Masanori,Oyama,@ooyamams1987
Masayuki,Igawa,@masayukig
Matt,Ranostay,
Matthew,Treinish,
Mayank,Prasad,@manku
Melvin,Zhang,@melvinzhangzy
Michael,Meskes,
Michael,Cannon,@comprock
Mohit,Kumar,@mbj36
Naman,Naman,@naman1405
Nikhil,Rayaprolu,@nikhil_rayap
Niranjan,Rajendran,@niranjan94
Noritada,Shimizu,@chikoski
Øyvind,Roti,
Philip,Paeps,
Pooja,Yadav,@pooja_yadavv
Poornima,Kannan ,
Pranav,Jain,
Prashant,Sinha,@prashnts
Prashant,Ravi,@prashantrar
Prashanth,Pai,
Praveen,Patil,@_gnovi
Praveen,Kumar,@kumar_pravin
Prempal,Singh,@prempal42
Pulkit,Goyal,@JokersSyntax
Quân,Nguyễn,
Quang,Nguyen,
Raj Rohit,Jalem,@data__wizard
Ricky,Setyawan,@dbmsboy
Robert,Reyes,@bobreyes
Rohit,Gupta,@rohit01
Roland,Turner,@rolandturner
saad,chinoy,@saadcaffeine
Sagar Chand,Agarwal,@sagaragarwal94
Sanjay,Manwani,@manwanis
Sanjeev,Gupta,
Santosh,Viswanatham,@isantoshv
Saptak,Sengupta,@Saptak013
Sayan,Chowdhury,@yudocaa
Sebastiaan,Deckers,@sebdeckers
Shah Mijanur,Rahman,@mijanur_rayhan/
Shan Jun,Ng,
Shiven,Mian,@shiven_mian
Shubham,Patel,@shubhpatel108
Siddhesh,Poyarekar,@siddhesh_p
Simmi,Mourya,@simmimourya
Spencer,Yang,@spenceryang
Sreeharsha,Ramanavarapu,
Sreeja,Kamishetty,@sreeja_k5
Srijan,Agarwal,@srijancse
Srishti,Sethi,@srish_aka_tux
Steffen,Braun,
Stephan ,Wissel,@notessensei
Stephanie,Taylor,
Steven,Shiau,
Sudheesh,Singanamalla,@sudheesh001
Suhaib,Khan,@iamsuheb
Sushant Mahesh,Pawar,
Sujitha,Sivakumar,
Super,Dev,
Sushma ,Kukkadapu,@SushmaKukkadapu
sva,sva,@sva
Sven,Dowideit,@SvenDowideit
Tony,Thomas,@01tonythomas
Trishul,Goel,@trishulgoel
Triton,Ho,
Udayan,Tandon,@kevinfire2006
Urvika,Gola,@UrvikaGola
Vaishali,Thakkar,@kernel_girl
Venkatesh,Duggirala,ORACLE
Victoria ,Bondarchuk,@seoul_victoria
Viktor,Gal,
Virgil,Griffith,@legalese
VIshnu,Patekar,@vishnupatekar
Wing Ho Andy,Li,@andy_li
Wulf,Hofbauer,
Yantisa,Akhadi,@iyan31
Yohei,Yasukawa,@yasulab
Yuen Hoe,Lim,@jasonmoofang
Zhao,Qiang,
Marco A.,Gutiérrez,@marcoagutier
Gabriel,Perumal,
Siyin,Wang,
Toby,Hoenisch,
Gaurang,Torvekar,
Vlado,Koljibabic,
Denis,Nek,@nekdenis
Maksym,Boguk,
Sameer,Kumar,@sameerkasi200x
Umair,Shahid,
Brady,Forrest,@brady
Michael ,Rebultan,
Floyd ,D'costa,
Michael,Christen,@0rb1t3r
Jan Michael,Graef,
Chan,Cheow Hoe ,
Devan,Mitchem,@mitchem
Andrew,Selle,
Andrey ,Terekhov,
Samuel,de Medeiros Queiroz,
Remi,Denis-Courmont,
Luis,Morgado da Costa,
Rumesh Eranga,Hapuarachchi,@rehrumesh
Dr. Graham,Williams,
